time,sat_indices,target_indices,signal,noise,snr
2024-01-01 12:00:00+00:00,0,0,3031.528647420002,19.98299987926297,151.7053828622559
2024-01-01 12:00:00+00:00,0,1,35029.40452442361,19.98299987926297,1752.960253018607
2024-01-01 12:00:00+00:00,0,2,1801.3597140485087,19.98299987926297,90.1446091644048
2024-01-01 12:00:00+00:00,0,3,163853.30439358816,19.98299987926297,8199.634958894447
2024-01-01 12:00:00+00:00,0,4,7447.398359464524,19.98299987926297,372.6867039214137
2024-01-01 12:00:00+00:00,0,5,41703.51809790767,19.98299987926297,2086.949824845108
2024-01-01 12:00:00+00:00,0,6,46691.70730448299,19.98299987926297,2336.5714650749983
2024-01-01 12:00:00+00:00,0,7,147.23153904019907,19.98299987926297,7.367839660199677
2024-01-01 12:00:00+00:00,0,8,14779.619456599945,19.98299987926297,739.6096454935804
2024-01-01 12:00:00+00:00,0,9,2418.41169499969,19.98299987926297,121.02345541769017
2024-01-01 12:00:00+00:00,1,0,3075.911005847027,19.98299987926297,153.92638865193624
2024-01-01 12:00:00+00:00,1,1,686456.6762424591,19.98299987926297,34352.033247761676
2024-01-01 12:00:00+00:00,1,2,2608.8011811543265,19.98299987926297,130.55102821982035
2024-01-01 12:00:00+00:00,1,3,71130.51515751719,19.98299987926297,3559.5513980526875
2024-01-01 12:00:00+00:00,1,4,1718526.426127901,19.98299987926297,85999.42133369444
2024-01-01 12:00:00+00:00,1,5,201868.41793660008,19.98299987926297,10102.007664329003
2024-01-01 12:00:00+00:00,1,6,319411.2816533658,19.98299987926297,15984.150707263409
2024-01-01 12:00:00+00:00,1,7,2658.853698650874,19.98299987926297,133.05578315146045
2024-01-01 12:00:00+00:00,1,8,9590.843368072457,19.98299987926297,479.9501289105845
2024-01-01 12:00:00+00:00,1,9,67597.22566103922,19.98299987926297,3382.736629608207
2024-01-01 12:00:00+00:00,2,0,3357.887034352175,19.98299987926297,168.0371843387122
2024-01-01 12:00:00+00:00,2,1,275657.8188779317,19.98299987926297,13794.616451156118
2024-01-01 12:00:00+00:00,2,2,3186.8660097234574,19.98299987926297,159.4788584786299
2024-01-01 12:00:00+00:00,2,3,56586.523702709266,19.98299987926297,2831.733175429331
2024-01-01 12:00:00+00:00,2,4,151462.30151709192,19.98299987926297,7579.557745695101
2024-01-01 12:00:00+00:00,2,5,588633.8756746559,19.98299987926297,29456.732183915043
2024-01-01 12:00:00+00:00,2,6,76930.58704343885,19.98299987926297,3849.8017068634576
2024-01-01 12:00:00+00:00,2,7,606.5399983308861,19.98299987926297,30.352799979762448
2024-01-01 12:00:00+00:00,2,8,10425.745920212054,19.98299987926297,521.7307703149816
2024-01-01 12:00:00+00:00,2,9,31771.485206315912,19.98299987926297,1589.925706764691
2024-01-01 12:00:00+00:00,3,0,1841.8876389815553,19.98299987926297,92.17272932543747
2024-01-01 12:00:00+00:00,3,1,3006.5166053704706,19.98299987926297,150.45371683610097
2024-01-01 12:00:00+00:00,3,2,689.4633295846743,19.98299987926297,34.502493807256315
2024-01-01 12:00:00+00:00,3,3,8492.938956378755,19.98299987926297,425.008207360906
2024-01-01 12:00:00+00:00,3,4,2305.7966716945625,19.98299987926297,115.3879140082148
2024-01-01 12:00:00+00:00,3,5,2851.5174172469656,19.98299987926297,142.6971643134563
2024-01-01 12:00:00+00:00,3,6,3727.51658601424,19.98299987926297,186.53438465374808
2024-01-01 12:00:00+00:00,3,7,673.4540129784668,19.98299987926297,33.701346997321096
2024-01-01 12:00:00+00:00,3,8,3397.3089456075777,19.98299987926297,170.00995676995822
2024-01-01 12:00:00+00:00,3,9,2000.3574004165673,19.98299987926297,100.10295813955368
2024-01-01 12:00:00+00:00,4,0,1920.3511331354086,19.98299987926297,96.09924159226071
2024-01-01 12:00:00+00:00,4,1,8208.104543909669,19.98299987926297,410.75437089040344
2024-01-01 12:00:00+00:00,4,2,1226.7445791308594,19.98299987926297,61.38941032591875
2024-01-01 12:00:00+00:00,4,3,10365.889364068491,19.98299987926297,518.7353964219118
2024-01-01 12:00:00+00:00,4,4,7709.169796085089,19.98299987926297,385.7864105821846
2024-01-01 12:00:00+00:00,4,5,6651.577292539494,19.98299987926297,332.8617991657028
2024-01-01 12:00:00+00:00,4,6,10724.380669586611,19.98299987926297,536.6752106482102
2024-01-01 12:00:00+00:00,4,7,2313.881431190522,19.98299987926297,115.79249588004625
2024-01-01 12:00:00+00:00,4,8,3810.785131831704,19.98299987926297,190.70135389363054
2024-01-01 12:00:00+00:00,4,9,7267.68454138904,19.98299987926297,363.69336862834894
2024-01-01 12:00:00+00:00,5,0,2446.7600257896815,19.98299987926297,122.44207779477428
2024-01-01 12:00:00+00:00,5,1,15945.718668970589,19.98299987926297,797.9642078423869
2024-01-01 12:00:00+00:00,5,2,7424.343738560038,19.98299987926297,371.5329922142736
2024-01-01 12:00:00+00:00,5,3,8670.47899063432,19.98299987926297,433.8927609979104
2024-01-01 12:00:00+00:00,5,4,19064.043316793304,19.98299987926297,954.0130827192119
2024-01-01 12:00:00+00:00,5,5,14906.530650509787,19.98299987926297,745.9606035417532
2024-01-01 12:00:00+00:00,5,6,13120.267523441016,19.98299987926297,656.5714658816747
2024-01-01 12:00:00+00:00,5,7,27876.310081417603,19.98299987926297,1395.001263566327
2024-01-01 12:00:00+00:00,5,8,4422.93716948981,19.98299987926297,221.3349945560296
2024-01-01 12:00:00+00:00,5,9,14530.381784559304,19.98299987926297,727.1371602037575
2024-01-01 12:00:00+00:00,6,0,3077.607977807391,19.98299987926297,154.01130943313112
2024-01-01 12:00:00+00:00,6,1,5518.644255271196,19.98299987926297,276.1669563436308
2024-01-01 12:00:00+00:00,6,2,5676.986788061095,19.98299987926297,284.0908183136354
2024-01-01 12:00:00+00:00,6,3,6029.62716784278,19.98299987926297,301.73783737545466
2024-01-01 12:00:00+00:00,6,4,4728.65563952347,19.98299987926297,236.63392223860018
2024-01-01 12:00:00+00:00,6,5,6968.998364752944,19.98299987926297,348.74635474451003
2024-01-01 12:00:00+00:00,6,6,4486.097636676263,19.98299987926297,224.49570453791765
2024-01-01 12:00:00+00:00,6,7,2258.4369185953688,19.98299987926297,113.01791183710233
2024-01-01 12:00:00+00:00,6,8,5239.344908815081,19.98299987926297,262.1901086158803
2024-01-01 12:00:00+00:00,6,9,3820.3870279596467,19.98299987926297,191.1818571306799
2024-01-01 12:00:00+00:00,7,0,2327.1858285728995,19.98299987926297,116.45828167110677
2024-01-01 12:00:00+00:00,7,1,207.54450537088303,19.98299987926297,10.386053476698407
2024-01-01 12:00:00+00:00,7,2,372.14981642867474,19.98299987926297,18.623320756502988
2024-01-01 12:00:00+00:00,7,3,1267.974679319953,19.98299987926297,63.45266911780213
2024-01-01 12:00:00+00:00,7,4,149.25833745121278,19.98299987926297,7.469265793576027
2024-01-01 12:00:00+00:00,7,5,145.9058623954668,19.98299987926297,7.301499438374027
2024-01-01 12:00:00+00:00,7,6,225.53770018653046,19.98299987926297,11.286478584257937
2024-01-01 12:00:00+00:00,7,7,7.271151391061963,19.98299987926297,0.3638668585795009
2024-01-01 12:00:00+00:00,7,8,849.4683989567243,19.98299987926297,42.50955332478615
2024-01-01 12:00:00+00:00,7,9,54.05003568117719,19.98299987926297,2.7048008811363067
2024-01-01 12:00:00+00:00,8,0,1841.7724456644287,19.98299987926297,92.16696475966543
2024-01-01 12:00:00+00:00,8,1,3008.1118974278943,19.98299987926297,150.53354929704588
2024-01-01 12:00:00+00:00,8,2,689.5858025888449,19.98299987926297,34.508622667032654
2024-01-01 12:00:00+00:00,8,3,8498.434929705048,19.98299987926297,425.2832398064597
2024-01-01 12:00:00+00:00,8,4,2306.9370043231593,19.98299987926297,115.44497914535572
2024-01-01 12:00:00+00:00,8,5,2853.007999525475,19.98299987926297,142.7717568314724
2024-01-01 12:00:00+00:00,8,6,3729.9091528570807,19.98299987926297,186.65411476720934
2024-01-01 12:00:00+00:00,8,7,673.654054702386,19.98299987926297,33.711357592583454
2024-01-01 12:00:00+00:00,8,8,3399.608802234968,19.98299987926297,170.12504742908277
2024-01-01 12:00:00+00:00,8,9,2001.4061640230511,19.98299987926297,100.15544093056707
2024-01-01 12:00:00+00:00,9,0,2162.146905177353,19.98299987926297,108.19931533008142
2024-01-01 12:00:00+00:00,9,1,14991.734005464026,19.98299987926297,750.2243955384023
2024-01-01 12:00:00+00:00,9,2,3003.6422869375133,19.98299987926297,150.30987865112755
2024-01-01 12:00:00+00:00,9,3,9710.039653559796,19.98299987926297,485.91501337275344
2024-01-01 12:00:00+00:00,9,4,17481.51783226147,19.98299987926297,874.819493463673
2024-01-01 12:00:00+00:00,9,5,12197.064690331565,19.98299987926297,610.3720544475841
2024-01-01 12:00:00+00:00,9,6,15207.475382489994,19.98299987926297,761.0206412637425
2024-01-01 12:00:00+00:00,9,7,9921.306066441091,19.98299987926297,496.4873205417353
2024-01-01 12:00:00+00:00,9,8,4118.317127794139,19.98299987926297,206.0910350136095
2024-01-01 12:00:00+00:00,9,9,14705.509021258966,19.98299987926297,735.9009713311046
2024-01-01 12:00:00+00:00,10,0,2859.306738968635,19.98299987926297,143.08696172969672
2024-01-01 12:00:00+00:00,10,1,10757.496590279654,19.98299987926297,538.3324153168348
2024-01-01 12:00:00+00:00,10,2,20596.055162296998,19.98299987926297,1030.6788413520542
2024-01-01 12:00:00+00:00,10,3,7257.209895864252,19.98299987926297,363.1691907977892
2024-01-01 12:00:00+00:00,10,4,10981.97936340129,19.98299987926297,549.5661026749872
2024-01-01 12:00:00+00:00,10,5,12513.457466394357,19.98299987926297,626.2051514787823
2024-01-01 12:00:00+00:00,10,6,8071.508345962087,19.98299987926297,403.9187506745753
2024-01-01 12:00:00+00:00,10,7,16121.055770557916,19.98299987926297,806.7385211410264
2024-01-01 12:00:00+00:00,10,8,4912.225091412984,19.98299987926297,245.8202032273725
2024-01-01 12:00:00+00:00,10,9,8349.200289387592,19.98299987926297,417.81515987756364
2024-01-01 12:00:00+00:00,11,0,8563.420447854993,34.611571078526204,247.41495924661828
2024-01-01 12:00:00+00:00,11,1,3857.9174323966845,34.611571078526204,111.46322782181429
2024-01-01 12:00:00+00:00,11,2,2021.3871209532201,34.611571078526204,58.40206202622608
2024-01-01 12:00:00+00:00,11,3,11234.907545776667,34.611571078526204,324.59975654636077
2024-01-01 12:00:00+00:00,11,4,2808.8344228145556,34.611571078526204,81.15304608513479
2024-01-01 12:00:00+00:00,11,5,4023.3526004221985,34.611571078526204,116.24299259037036
2024-01-01 12:00:00+00:00,11,6,4103.220484674726,34.611571078526204,118.55054124429667
2024-01-01 12:00:00+00:00,11,7,286.70786819524983,34.611571078526204,8.283584340761978
2024-01-01 12:00:00+00:00,11,8,11369.240416906941,34.611571078526204,328.48091151691966
2024-01-01 12:00:00+00:00,11,9,2292.314652613185,34.611571078526204,66.22971974928316
2024-01-01 12:00:00+00:00,12,0,5726.031156662707,34.611571078526204,165.4369038513616
2024-01-01 12:00:00+00:00,12,1,1667.3441476389912,34.611571078526204,48.17302698730856
2024-01-01 12:00:00+00:00,12,2,1324.198223467061,34.611571078526204,38.25883027565378
2024-01-01 12:00:00+00:00,12,3,8002.986715407663,34.611571078526204,231.22286755636168
2024-01-01 12:00:00+00:00,12,4,1136.763225957537,34.611571078526204,32.843444851967746
2024-01-01 12:00:00+00:00,12,5,2006.5796403024765,34.611571078526204,57.97424323068084
2024-01-01 12:00:00+00:00,12,6,1181.0780051532465,34.611571078526204,34.12379063850164
2024-01-01 12:00:00+00:00,12,7,420.44121559114484,34.611571078526204,12.147417828484418
2024-01-01 12:00:00+00:00,12,8,6632.790796197456,34.611571078526204,191.63506854829217
2024-01-01 12:00:00+00:00,12,9,533.8428959168713,34.611571078526204,15.423827329470155
2024-01-01 12:00:00+00:00,13,0,12044.82707794154,34.611571078526204,348.00000989884046
2024-01-01 12:00:00+00:00,13,1,23794.679451147505,34.611571078526204,687.4775894212517
2024-01-01 12:00:00+00:00,13,2,4207.529566602004,34.611571078526204,121.56424673864197
2024-01-01 12:00:00+00:00,13,3,53556.68795143523,34.611571078526204,1547.3636787514395
2024-01-01 12:00:00+00:00,13,4,17195.69378379615,34.611571078526204,496.819221086001
2024-01-01 12:00:00+00:00,13,5,20133.763511732057,34.611571078526204,581.7061428980754
2024-01-01 12:00:00+00:00,13,6,24974.550082165122,34.611571078526204,721.5664965194225
2024-01-01 12:00:00+00:00,13,7,3203.059702239463,34.611571078526204,92.54303120110932
2024-01-01 12:00:00+00:00,13,8,9059.025422242585,34.611571078526204,261.7340137981488
2024-01-01 12:00:00+00:00,13,9,11179.853727299558,34.611571078526204,323.00913766482535
2024-01-01 12:00:00+00:00,14,0,9338.42397636158,34.611571078526204,269.8064169111164
2024-01-01 12:00:00+00:00,14,1,588356.6586913018,34.611571078526204,16998.84288281648
2024-01-01 12:00:00+00:00,14,2,11763.13440136313,34.611571078526204,339.8613248348395
2024-01-01 12:00:00+00:00,14,3,113710.82546832264,34.611571078526204,3285.3413446716204
2024-01-01 12:00:00+00:00,14,4,1115219.8812186744,34.611571078526204,32221.012986913553
2024-01-01 12:00:00+00:00,14,5,466924.6264240225,34.611571078526204,13490.419876193168
2024-01-01 12:00:00+00:00,14,6,266035.32147693046,34.611571078526204,7686.311634723358
2024-01-01 12:00:00+00:00,14,7,21489.394304126574,34.611571078526204,620.873125215026
2024-01-01 12:00:00+00:00,14,8,27012.57273899975,34.611571078526204,780.4491936443461
2024-01-01 12:00:00+00:00,14,9,208746.91663567722,34.611571078526204,6031.130923299477
2024-01-01 12:00:00+00:00,15,0,9930.892075002246,34.611571078526204,286.9240478125419
2024-01-01 12:00:00+00:00,15,1,51570.79879919166,34.611571078526204,1489.9872265892993
2024-01-01 12:00:00+00:00,15,2,4385.726079965124,34.611571078526204,126.7127132141692
2024-01-01 12:00:00+00:00,15,3,158240.34879125826,34.611571078526204,4571.891533968365
2024-01-01 12:00:00+00:00,15,4,29768.635419484875,34.611571078526204,860.0775547560742
2024-01-01 12:00:00+00:00,15,5,40302.80748744554,34.611571078526204,1164.4316114979915
2024-01-01 12:00:00+00:00,15,6,65255.92099802187,34.611571078526204,1885.378761049888
2024-01-01 12:00:00+00:00,15,7,3431.7069496218896,34.611571078526204,99.14912391107833
2024-01-01 12:00:00+00:00,15,8,15075.530605459811,34.611571078526204,435.56331410835634
2024-01-01 12:00:00+00:00,15,9,18404.13815307,34.611571078526204,531.7336826841802
2024-01-01 12:00:00+00:00,16,0,14792.79880125659,34.611571078526204,427.3946064943112
2024-01-01 12:00:00+00:00,16,1,36528.253848358276,34.611571078526204,1055.3769363859135
2024-01-01 12:00:00+00:00,16,2,12836.326948315647,34.611571078526204,370.86808105857966
2024-01-01 12:00:00+00:00,16,3,32939.19728415341,34.611571078526204,951.6816560976519
2024-01-01 12:00:00+00:00,16,4,34385.87340067595,34.611571078526204,993.4791264650138
2024-01-01 12:00:00+00:00,16,5,31202.600096354625,34.611571078526204,901.5077652950986
2024-01-01 12:00:00+00:00,16,6,28559.725271353756,34.611571078526204,825.1496358416637
2024-01-01 12:00:00+00:00,16,7,8958.968840124602,34.611571078526204,258.84317183402715
2024-01-01 12:00:00+00:00,16,8,8588.988483185272,34.611571078526204,248.15367276159486
2024-01-01 12:00:00+00:00,16,9,18009.879366201563,34.611571078526204,520.3427294687382
2024-01-01 12:00:00+00:00,17,0,28844.251136768955,34.611571078526204,833.3701776012293
2024-01-01 12:00:00+00:00,17,1,11536.629796480556,34.611571078526204,333.31713750602154
2024-01-01 12:00:00+00:00,17,2,7973.219995154926,34.611571078526204,230.362845334741
2024-01-01 12:00:00+00:00,17,3,16600.909324315053,34.611571078526204,479.634665720639
2024-01-01 12:00:00+00:00,17,4,9387.738392408746,34.611571078526204,271.2312125650115
2024-01-01 12:00:00+00:00,17,5,12038.919923046327,34.611571078526204,347.82933995491305
2024-01-01 12:00:00+00:00,17,6,9571.78028334108,34.611571078526204,276.548564109522
2024-01-01 12:00:00+00:00,17,7,2887.009583853076,34.611571078526204,83.41168845826365
2024-01-01 12:00:00+00:00,17,8,6130.856199958952,34.611571078526204,177.1331381071769
2024-01-01 12:00:00+00:00,17,9,6298.256797810479,34.611571078526204,181.96968821557076
2024-01-01 12:00:00+00:00,18,0,11093.67052017494,34.611571078526204,320.5191262484384
2024-01-01 12:00:00+00:00,18,1,42472.6022509363,34.611571078526204,1227.121477802181
2024-01-01 12:00:00+00:00,18,2,5912.163293800558,34.611571078526204,170.8146469395201
2024-01-01 12:00:00+00:00,18,3,490434.10497580416,34.611571078526204,14169.65742072542
2024-01-01 12:00:00+00:00,18,4,2920.6113386455304,34.611571078526204,84.3825127735257
2024-01-01 12:00:00+00:00,18,5,130769.62386783001,34.611571078526204,3778.205374472655
2024-01-01 12:00:00+00:00,18,6,110929.87802775223,34.611571078526204,3204.9940112824183
2024-01-01 12:00:00+00:00,18,7,1083.8302266859334,34.611571078526204,31.3141008313941
2024-01-01 12:00:00+00:00,18,8,24837.469611075958,34.611571078526204,717.6059576933126
2024-01-01 12:00:00+00:00,18,9,17288.249153883087,34.611571078526204,499.49333749282204
2024-01-01 12:00:00+00:00,19,0,11137.862189570893,34.611571078526204,321.7959151377868
2024-01-01 12:00:00+00:00,19,1,353046.3271999657,34.611571078526204,10200.23986773035
2024-01-01 12:00:00+00:00,19,2,6701.731740344567,34.611571078526204,193.6269152631003
2024-01-01 12:00:00+00:00,19,3,340518.1213698569,34.611571078526204,9838.274044171372
2024-01-01 12:00:00+00:00,19,4,31193.7738036572,34.611571078526204,901.2527554119183
2024-01-01 12:00:00+00:00,19,5,285925.6925224428,34.611571078526204,8260.98566498871
2024-01-01 12:00:00+00:00,19,6,193093.32145734117,34.611571078526204,5578.8661259916225
2024-01-01 12:00:00+00:00,19,7,2139.6167158468284,34.611571078526204,61.817959982010024
2024-01-01 12:00:00+00:00,19,8,23370.955974755463,34.611571078526204,675.2353402777295
2024-01-01 12:00:00+00:00,19,9,31541.711930333266,34.611571078526204,911.305408782858
2024-01-01 12:00:00+00:00,20,0,10277.52782521146,34.611571078526204,296.939072828967
2024-01-01 12:00:00+00:00,20,1,179854.2534059113,34.611571078526204,5196.3620200267915
2024-01-01 12:00:00+00:00,20,2,5742.742366194829,34.611571078526204,165.9197253186162
2024-01-01 12:00:00+00:00,20,3,551067.9972794146,34.611571078526204,15921.496196435577
2024-01-01 12:00:00+00:00,20,4,9289.01572566525,34.611571078526204,268.3789101797914
2024-01-01 12:00:00+00:00,20,5,205566.4313711995,34.611571078526204,5939.240114377169
2024-01-01 12:00:00+00:00,20,6,258937.94465360456,34.611571078526204,7481.253713277854
2024-01-01 12:00:00+00:00,20,7,2076.3281707712536,34.611571078526204,59.98942278755599
2024-01-01 12:00:00+00:00,20,8,25541.7750478812,34.611571078526204,737.9548010095356
2024-01-01 12:00:00+00:00,20,9,24310.378476928825,34.611571078526204,702.3772027503118
2024-01-01 12:00:00+00:00,21,0,10733.081109428758,34.611571078526204,310.10095106858074
2024-01-01 12:00:00+00:00,21,1,1067048.9710109623,34.611571078526204,30829.255585944302
2024-01-01 12:00:00+00:00,21,2,9139.19837666412,34.611571078526204,264.05037656133106
2024-01-01 12:00:00+00:00,21,3,190374.3982794748,34.611571078526204,5500.3108020597
2024-01-01 12:00:00+00:00,21,4,472720.2469524904,34.611571078526204,13657.867361177854
2024-01-01 12:00:00+00:00,21,5,907757.6572323237,34.611571078526204,26226.99949600141
2024-01-01 12:00:00+00:00,21,6,240252.3880739741,34.611571078526204,6941.38926918091
2024-01-01 12:00:00+00:00,21,7,3413.710714285565,34.611571078526204,98.62917538590173
2024-01-01 12:00:00+00:00,21,8,25942.98102076329,34.611571078526204,749.546472822752
2024-01-01 12:00:00+00:00,21,9,73599.73773958189,34.611571078526204,2126.4489142258217
2024-01-01 12:00:00+00:00,22,0,8586.602107575285,34.611571078526204,248.0847254259026
2024-01-01 12:00:00+00:00,22,1,1801748.6167082079,34.611571078526204,52056.2505706669
2024-01-01 12:00:00+00:00,22,2,7993.121290027419,34.611571078526204,230.93783497700082
2024-01-01 12:00:00+00:00,22,3,195236.48330306445,34.611571078526204,5640.786512120901
2024-01-01 12:00:00+00:00,22,4,4524722.921528136,34.611571078526204,130728.61995378695
2024-01-01 12:00:00+00:00,22,5,916534.0731969802,34.611571078526204,26480.56833703277
2024-01-01 12:00:00+00:00,22,6,1130107.0002164233,34.611571078526204,32651.132699306072
2024-01-01 12:00:00+00:00,22,7,8550.710446236335,34.611571078526204,247.04774096606633
2024-01-01 12:00:00+00:00,22,8,35631.897693923056,34.611571078526204,1029.4793499284372
2024-01-01 12:00:00+00:00,22,9,571442.383932148,34.611571078526204,16510.154440423066
2024-01-01 12:00:10+00:00,0,0,3026.2980569908195,19.98299987926297,151.4436308500062
2024-01-01 12:00:10+00:00,0,1,35495.82614928559,19.98299987926297,1776.3011741856037
2024-01-01 12:00:10+00:00,0,2,1800.2197401844096,19.98299987926297,90.08756198074936
2024-01-01 12:00:10+00:00,0,3,163968.3110447012,19.98299987926297,8205.390183425694
2024-01-01 12:00:10+00:00,0,4,7553.28099511871,19.98299987926297,377.98533957641683
2024-01-01 12:00:10+00:00,0,5,43273.13867913804,19.98299987926297,2165.4976200066953
2024-01-01 12:00:10+00:00,0,6,47280.72124777269,19.98299987926297,2366.0472168063957
2024-01-01 12:00:10+00:00,0,7,150.12864830724718,19.98299987926297,7.5128183563189985
2024-01-01 12:00:10+00:00,0,8,14832.316943639893,19.98299987926297,742.2467614100267
2024-01-01 12:00:10+00:00,0,9,2386.439599888075,19.98299987926297,119.4234906824257
2024-01-01 12:00:10+00:00,1,0,3080.9777278275187,19.98299987926297,154.179940271368
2024-01-01 12:00:10+00:00,1,1,687213.902845711,19.98299987926297,34389.92678766194
2024-01-01 12:00:10+00:00,1,2,2607.842683855883,19.98299987926297,130.503062583818
2024-01-01 12:00:10+00:00,1,3,71281.72044316462,19.98299987926297,3567.1180940723552
2024-01-01 12:00:10+00:00,1,4,1681846.2397005756,19.98299987926297,84163.8517671155
2024-01-01 12:00:10+00:00,1,5,200921.7170210738,19.98299987926297,10054.632349248874
2024-01-01 12:00:10+00:00,1,6,316642.12262938614,19.98299987926297,15845.574965847662
2024-01-01 12:00:10+00:00,1,7,2643.813701144777,19.98299987926297,132.30314352793204
2024-01-01 12:00:10+00:00,1,8,9559.785266795285,19.98299987926297,478.3959027451026
2024-01-01 12:00:10+00:00,1,9,66410.00651907868,19.98299987926297,3323.325172412906
2024-01-01 12:00:10+00:00,2,0,3356.4575372708714,19.98299987926297,167.96564867890433
2024-01-01 12:00:10+00:00,2,1,272818.7213841665,19.98299987926297,13652.540811316307
2024-01-01 12:00:10+00:00,2,2,3182.2671009298483,19.98299987926297,159.2487174176583
2024-01-01 12:00:10+00:00,2,3,56622.932532377185,19.98299987926297,2833.5551656153843
2024-01-01 12:00:10+00:00,2,4,148655.06640324282,19.98299987926297,7439.076580163881
2024-01-01 12:00:10+00:00,2,5,593554.1513024935,19.98299987926297,29702.95525640495
2024-01-01 12:00:10+00:00,2,6,76584.5002081333,19.98299987926297,3832.4826437900147
2024-01-01 12:00:10+00:00,2,7,590.7665934738166,19.98299987926297,29.56345879213435
2024-01-01 12:00:10+00:00,2,8,10454.595375357881,19.98299987926297,523.1744702259127
2024-01-01 12:00:10+00:00,2,9,31619.51536195992,19.98299987926297,1582.3207502879761
2024-01-01 12:00:10+00:00,3,0,1841.9038528888418,19.98299987926297,92.17354071048398
2024-01-01 12:00:10+00:00,3,1,3011.0549660726424,19.98299987926297,150.68082791699936
2024-01-01 12:00:10+00:00,3,2,689.8759960517584,19.98299987926297,34.523144683980405
2024-01-01 12:00:10+00:00,3,3,8497.71149000287,19.98299987926297,425.2470370487882
2024-01-01 12:00:10+00:00,3,4,2309.749186930912,19.98299987926297,115.58570789603098
2024-01-01 12:00:10+00:00,3,5,2855.084376964371,19.98299987926297,142.87566402515913
2024-01-01 12:00:10+00:00,3,6,3734.2576238028196,19.98299987926297,186.87172328304842
2024-01-01 12:00:10+00:00,3,7,674.4949693766265,19.98299987926297,33.753439095827275
2024-01-01 12:00:10+00:00,3,8,3398.06737321698,19.98299987926297,170.04791041125253
2024-01-01 12:00:10+00:00,3,9,2004.3170758269855,19.98299987926297,100.30111034064173
2024-01-01 12:00:10+00:00,4,0,1920.503027718034,19.98299987926297,96.10684278244952
2024-01-01 12:00:10+00:00,4,1,8215.155842916785,19.98299987926297,411.10723577804396
2024-01-01 12:00:10+00:00,4,2,1227.6420726379836,19.98299987926297,61.43432317746991
2024-01-01 12:00:10+00:00,4,3,10366.132859667552,19.98299987926297,518.7475815593051
2024-01-01 12:00:10+00:00,4,4,7717.6951151791745,19.98299987926297,386.2130391737672
2024-01-01 12:00:10+00:00,4,5,6656.625930695374,19.98299987926297,333.11444582468215
2024-01-01 12:00:10+00:00,4,6,10732.217213604536,19.98299987926297,537.0673711879325
2024-01-01 12:00:10+00:00,4,7,2317.02548413068,19.98299987926297,115.94983226393026
2024-01-01 12:00:10+00:00,4,8,3811.0943373594564,19.98299987926297,190.71682732252614
2024-01-01 12:00:10+00:00,4,9,7275.520016722669,19.98299987926297,364.08547568839856
2024-01-01 12:00:10+00:00,5,0,2447.1272561403066,19.98299987926297,122.46045493298395
2024-01-01 12:00:10+00:00,5,1,15943.587121695333,19.98299987926297,797.8575398101527
2024-01-01 12:00:10+00:00,5,2,7432.913494702234,19.98299987926297,371.9618445484563
2024-01-01 12:00:10+00:00,5,3,8669.189860027356,19.98299987926297,433.82824963251215
2024-01-01 12:00:10+00:00,5,4,19060.24961210089,19.98299987926297,953.8232361138306
2024-01-01 12:00:10+00:00,5,5,14907.608695732511,19.98299987926297,746.0145516591149
2024-01-01 12:00:10+00:00,5,6,13116.095699165156,19.98299987926297,656.3626972132532
2024-01-01 12:00:10+00:00,5,7,27899.467887956722,19.98299987926297,1396.1601389443504
2024-01-01 12:00:10+00:00,5,8,4423.34124581329,19.98299987926297,221.3552155601792
2024-01-01 12:00:10+00:00,5,9,14526.524286024523,19.98299987926297,726.9441211926937
2024-01-01 12:00:10+00:00,6,0,3077.7140074650033,19.98299987926297,154.01661542613783
2024-01-01 12:00:10+00:00,6,1,5513.233019444153,19.98299987926297,275.8961643774727
2024-01-01 12:00:10+00:00,6,2,5663.097766630685,19.98299987926297,283.395776452337
2024-01-01 12:00:10+00:00,6,3,6028.0405790315535,19.98299987926297,301.6584404470249
2024-01-01 12:00:10+00:00,6,4,4723.100786573283,19.98299987926297,236.3559433073211
2024-01-01 12:00:10+00:00,6,5,6962.177115510076,19.98299987926297,348.4050021305841
2024-01-01 12:00:10+00:00,6,6,4482.457162724938,19.98299987926297,224.3135259874837
2024-01-01 12:00:10+00:00,6,7,2252.730067191776,19.98299987926297,112.73232651767714
2024-01-01 12:00:10+00:00,6,8,5239.438680144907,19.98299987926297,262.19480117107184
2024-01-01 12:00:10+00:00,6,9,3816.186304810983,19.98299987926297,190.97164228936256
2024-01-01 12:00:10+00:00,7,0,2326.6037420396265,19.98299987926297,116.42915258454369
2024-01-01 12:00:10+00:00,7,1,207.14281143344994,19.98299987926297,10.36595169318942
2024-01-01 12:00:10+00:00,7,2,372.07243790518817,19.98299987926297,18.619448538920338
2024-01-01 12:00:10+00:00,7,3,1265.7363728100663,19.98299987926297,63.340658582676745
2024-01-01 12:00:10+00:00,7,4,148.97513100319188,19.98299987926297,7.455093424575775
2024-01-01 12:00:10+00:00,7,5,145.62591977510067,19.98299987926297,7.287490399588181
2024-01-01 12:00:10+00:00,7,6,224.92948013587954,19.98299987926297,11.256041710198698
2024-01-01 12:00:10+00:00,7,7,7.278491542855052,19.98299987926297,0.3642341783932145
2024-01-01 12:00:10+00:00,7,8,848.1556534843553,19.98299987926297,42.44386021162493
2024-01-01 12:00:10+00:00,7,9,53.80479692725151,19.98299987926297,2.6925285118520446
2024-01-01 12:00:10+00:00,8,0,1841.790197770298,19.98299987926297,92.1678531200706
2024-01-01 12:00:10+00:00,8,1,3012.6506992384257,19.98299987926297,150.76068245212545
2024-01-01 12:00:10+00:00,8,2,689.9984724133682,19.98299987926297,34.529273711771516
2024-01-01 12:00:10+00:00,8,3,8503.205988772339,19.98299987926297,425.52199570377826
2024-01-01 12:00:10+00:00,8,4,2310.889795829726,19.98299987926297,115.6427868584343
2024-01-01 12:00:10+00:00,8,5,2856.5749472019784,19.98299987926297,142.95025594061792
2024-01-01 12:00:10+00:00,8,6,3736.651460224292,19.98299987926297,186.99151692944466
2024-01-01 12:00:10+00:00,8,7,674.6948774952233,19.98299987926297,33.763443005140424
2024-01-01 12:00:10+00:00,8,8,3400.3618689475475,19.98299987926297,170.1627327975024
2024-01-01 12:00:10+00:00,8,9,2005.366376216131,19.98299987926297,100.35361999362102
2024-01-01 12:00:10+00:00,9,0,2162.4347937490006,19.98299987926297,108.21372200442396
2024-01-01 12:00:10+00:00,9,1,14995.916327371857,19.98299987926297,750.4336895349543
2024-01-01 12:00:10+00:00,9,2,3006.4687955784557,19.98299987926297,150.451324312841
2024-01-01 12:00:10+00:00,9,3,9708.958677456829,19.98299987926297,485.8609185867104
2024-01-01 12:00:10+00:00,9,4,17488.528680245206,19.98299987926297,875.1703340795012
2024-01-01 12:00:10+00:00,9,5,12201.702567009897,19.98299987926297,610.6041455603478
2024-01-01 12:00:10+00:00,9,6,15207.48285679053,19.98299987926297,761.0210152966996
2024-01-01 12:00:10+00:00,9,7,9934.667707183617,19.98299987926297,497.15597093573297
2024-01-01 12:00:10+00:00,9,8,4118.617046423587,19.98299987926297,206.10604370255814
2024-01-01 12:00:10+00:00,9,9,14709.294627967387,19.98299987926297,736.0904126928268
2024-01-01 12:00:10+00:00,10,0,2859.666468649353,19.98299987926297,143.10496351535915
2024-01-01 12:00:10+00:00,10,1,10751.203983603338,19.98299987926297,538.0175173178189
2024-01-01 12:00:10+00:00,10,2,20597.43033045839,19.98299987926297,1030.7476582549066
2024-01-01 12:00:10+00:00,10,3,7255.8907092113695,19.98299987926297,363.1031753516173
2024-01-01 12:00:10+00:00,10,4,10973.374129050535,19.98299987926297,549.1354749212592
2024-01-01 12:00:10+00:00,10,5,12508.236297086441,19.98299987926297,625.9438709233372
2024-01-01 12:00:10+00:00,10,6,8066.908098575181,19.98299987926297,403.6885426269998
2024-01-01 12:00:10+00:00,10,7,16091.130750680204,19.98299987926297,805.2409972427869
2024-01-01 12:00:10+00:00,10,8,4912.718179429323,19.98299987926297,245.84487860240722
2024-01-01 12:00:10+00:00,10,9,8343.085996935799,19.98299987926297,417.50918517462935
2024-01-01 12:00:20+00:00,0,0,3021.09889996578,19.98299987926297,151.18345184502934
2024-01-01 12:00:20+00:00,0,1,35975.18199855419,19.98299987926297,1800.2893567490257
2024-01-01 12:00:20+00:00,0,2,1799.133713254626,19.98299987926297,90.03321443852118
2024-01-01 12:00:20+00:00,0,3,164063.36566760263,19.98299987926297,8210.146957857749
2024-01-01 12:00:20+00:00,0,4,7662.188802489413,19.98299987926297,383.43536249733575
2024-01-01 12:00:20+00:00,0,5,44857.60129116997,19.98299987926297,2244.788148035782
2024-01-01 12:00:20+00:00,0,6,47891.30717067927,19.98299987926297,2396.602485114244
2024-01-01 12:00:20+00:00,0,7,153.0982529343049,19.98299987926297,7.661424904134644
2024-01-01 12:00:20+00:00,0,8,14884.657242522806,19.98299987926297,744.8660027251021
2024-01-01 12:00:20+00:00,0,9,2354.7098252063574,19.98299987926297,117.8356522761089
2024-01-01 12:00:20+00:00,1,0,3086.0666909449196,19.98299987926297,154.4346048937044
2024-01-01 12:00:20+00:00,1,1,687869.6848156833,19.98299987926297,34422.74378080284
2024-01-01 12:00:20+00:00,1,2,2606.846848710962,19.98299987926297,130.45322846727206
2024-01-01 12:00:20+00:00,1,3,71434.9608437111,19.98299987926297,3574.7866324035544
2024-01-01 12:00:20+00:00,1,4,1644102.0161913016,19.98299987926297,82275.0350860704
2024-01-01 12:00:20+00:00,1,5,199977.92950923604,19.98299987926297,10007.402828279044
2024-01-01 12:00:20+00:00,1,6,313862.9286731452,19.98299987926297,15706.497050968374
2024-01-01 12:00:20+00:00,1,7,2628.6162586130977,19.98299987926297,131.54262495597075
2024-01-01 12:00:20+00:00,1,8,9529.011905160842,19.98299987926297,476.85592567357304
2024-01-01 12:00:20+00:00,1,9,65248.06848253537,19.98299987926297,3265.178845857147
2024-01-01 12:00:20+00:00,2,0,3354.9997761253417,19.98299987926297,167.89269861363198
2024-01-01 12:00:20+00:00,2,1,270007.1046082961,19.98299987926297,13511.840376303639
2024-01-01 12:00:20+00:00,2,2,3177.530200952437,19.98299987926297,159.01167092784036
2024-01-01 12:00:20+00:00,2,3,56661.77304890487,19.98299987926297,2835.498843579772
2024-01-01 12:00:20+00:00,2,4,145909.0666412658,19.98299987926297,7301.659786961242
2024-01-01 12:00:20+00:00,2,5,598490.0208803592,19.98299987926297,29949.958689707666
2024-01-01 12:00:20+00:00,2,6,76242.6595453994,19.98299987926297,3815.3760699622967
2024-01-01 12:00:20+00:00,2,7,575.2335511978507,19.98299987926297,28.7861459577343
2024-01-01 12:00:20+00:00,2,8,10483.711605483026,19.98299987926297,524.6315202334723
2024-01-01 12:00:20+00:00,2,9,31466.88493978606,19.98299987926297,1574.6827368217273
2024-01-01 12:00:20+00:00,3,0,1841.9202556002836,19.98299987926297,92.17436154376932
2024-01-01 12:00:20+00:00,3,1,3015.597398703949,19.98299987926297,150.90814276755992
2024-01-01 12:00:20+00:00,3,2,690.2890236834037,19.98299987926297,34.54381363429521
2024-01-01 12:00:20+00:00,3,3,8502.476672344927,19.98299987926297,425.48549885987
2024-01-01 12:00:20+00:00,3,4,2313.7066039010874,19.98299987926297,115.78374707904085
2024-01-01 12:00:20+00:00,3,5,2858.653590867554,19.98299987926297,143.05427654203586
2024-01-01 12:00:20+00:00,3,6,3741.0049056471103,19.98299987926297,187.20937438073435
2024-01-01 12:00:20+00:00,3,7,675.5372629990266,19.98299987926297,33.80559811242627
2024-01-01 12:00:20+00:00,3,8,3398.8247912839697,19.98299987926297,170.0858135324839
2024-01-01 12:00:20+00:00,3,9,2008.2818723927314,19.98299987926297,100.49951881733197
2024-01-01 12:00:20+00:00,4,0,1920.6550592735323,19.98299987926297,96.11445082710833
2024-01-01 12:00:20+00:00,4,1,8222.208103869594,19.98299987926297,411.46014880388685
2024-01-01 12:00:20+00:00,4,2,1228.5404185881841,19.98299987926297,61.47927868743481
2024-01-01 12:00:20+00:00,4,3,10366.37358185281,19.98299987926297,518.7596279080371
2024-01-01 12:00:20+00:00,4,4,7726.224915226271,19.98299987926297,386.63989200360425
2024-01-01 12:00:20+00:00,4,5,6661.675592160186,19.98299987926297,333.367143692636
2024-01-01 12:00:20+00:00,4,6,10740.049317813799,19.98299987926297,537.4593095483681
2024-01-01 12:00:20+00:00,4,7,2320.1736441943294,19.98299987926297,116.10737417869134
2024-01-01 12:00:20+00:00,4,8,3811.403370341065,19.98299987926297,190.73229211677503
2024-01-01 12:00:20+00:00,4,9,7283.357713976423,19.98299987926297,364.477693938967
2024-01-01 12:00:20+00:00,5,0,2447.4945535974907,19.98299987926297,122.47883542937605
2024-01-01 12:00:20+00:00,5,1,15941.448555146682,19.98299987926297,797.7505205156739
2024-01-01 12:00:20+00:00,5,2,7441.494552338534,19.98299987926297,372.3912624380698
2024-01-01 12:00:20+00:00,5,3,8667.900643901665,19.98299987926297,433.7637339875399
2024-01-01 12:00:20+00:00,5,4,19056.444086952382,19.98299987926297,953.6327979828442
2024-01-01 12:00:20+00:00,5,5,14908.680848054088,19.98299987926297,746.068204880756
2024-01-01 12:00:20+00:00,5,6,13111.921491440622,19.98299987926297,656.1538092710146
2024-01-01 12:00:20+00:00,5,7,27922.600120398358,19.98299987926297,1397.3177345296679
2024-01-01 12:00:20+00:00,5,8,4423.7454542176665,19.98299987926297,221.3754431739919
2024-01-01 12:00:20+00:00,5,9,14522.660226813503,19.98299987926297,726.7507538687499
2024-01-01 12:00:20+00:00,6,0,3077.8195499157955,19.98299987926297,154.02189703807946
2024-01-01 12:00:20+00:00,6,1,5507.824105848,19.98299987926297,275.6254886216385
2024-01-01 12:00:20+00:00,6,2,5649.241586867882,19.98299987926297,282.70237807138705
2024-01-01 12:00:20+00:00,6,3,6026.4533741816895,19.98299987926297,301.5790126904591
2024-01-01 12:00:20+00:00,6,4,4717.550136181653,19.98299987926297,236.07817468273188
2024-01-01 12:00:20+00:00,6,5,6955.356936154052,19.98299987926297,348.06370305650955
2024-01-01 12:00:20+00:00,6,6,4478.817988067372,19.98299987926297,224.13141245700513
2024-01-01 12:00:20+00:00,6,7,2247.0366795748128,19.98299987926297,112.44741496028523
2024-01-01 12:00:20+00:00,6,8,5239.531217344444,19.98299987926297,262.19943196725336
2024-01-01 12:00:20+00:00,6,9,3811.988234983552,19.98299987926297,190.76156022696975
2024-01-01 12:00:20+00:00,7,0,2326.0219242299495,19.98299987926297,116.40003694559097
2024-01-01 12:00:20+00:00,7,1,206.74253657255747,19.98299987926297,10.34592092386995
2024-01-01 12:00:20+00:00,7,2,371.9954167983444,19.98299987926297,18.615594207373068
2024-01-01 12:00:20+00:00,7,3,1263.5018314325098,19.98299987926297,63.228836464323265
2024-01-01 12:00:20+00:00,7,4,148.69290847970274,19.98299987926297,7.440970293654776
2024-01-01 12:00:20+00:00,7,5,145.3474947276823,19.98299987926297,7.273557304001901
2024-01-01 12:00:20+00:00,7,6,224.3227646728506,19.98299987926297,11.225680129520388
2024-01-01 12:00:20+00:00,7,7,7.285950486762376,19.98299987926297,0.36460744286563557
2024-01-01 12:00:20+00:00,7,8,846.8503776312663,19.98299987926297,42.37854089715886
2024-01-01 12:00:20+00:00,7,9,53.560466843002864,19.98299987926297,2.680301614703224
2024-01-01 12:00:20+00:00,8,0,1841.808138442242,19.98299987926297,92.16875091680043
2024-01-01 12:00:20+00:00,8,1,3017.193574411542,19.98299987926297,150.98801944860068
2024-01-01 12:00:20+00:00,8,2,690.4115038239438,19.98299987926297,34.54994285119358
2024-01-01 12:00:20+00:00,8,3,8507.96969396955,19.98299987926297,425.76038359478525
2024-01-01 12:00:20+00:00,8,4,2314.84749033879,19.98299987926297,115.84083993019412
2024-01-01 12:00:20+00:00,8,5,2860.1441487367165,19.98299987926297,143.1288678385463
2024-01-01 12:00:20+00:00,8,6,3743.4000098647653,19.98299987926297,187.32923147086726
2024-01-01 12:00:20+00:00,8,7,675.7370368763591,19.98299987926297,33.815595303966056
2024-01-01 12:00:20+00:00,8,8,3401.113925523066,19.98299987926297,170.20036761610135
2024-01-01 12:00:20+00:00,8,9,2009.3317061811363,19.98299987926297,100.55205516296316
2024-01-01 12:00:20+00:00,9,0,2162.7227966689425,19.98299987926297,108.2281344010452
2024-01-01 12:00:20+00:00,9,1,15000.09251670591,19.98299987926297,750.6426766419596
2024-01-01 12:00:20+00:00,9,2,3009.2986858321988,19.98299987926297,150.59293919903632
2024-01-01 12:00:20+00:00,9,3,9707.877305139426,19.98299987926297,485.806803973092
2024-01-01 12:00:20+00:00,9,4,17495.530359378525,19.98299987926297,875.5207158627982
2024-01-01 12:00:20+00:00,9,5,12206.338261709436,19.98299987926297,610.836127481358
2024-01-01 12:00:20+00:00,9,6,15207.483237135615,19.98299987926297,761.0210343301324
2024-01-01 12:00:20+00:00,9,7,9948.046746703158,19.98299987926297,497.82549200866384
2024-01-01 12:00:20+00:00,9,8,4118.917061472078,19.98299987926297,206.1210572165602
2024-01-01 12:00:20+00:00,9,9,14713.07122946836,19.98299987926297,736.2794034111269
2024-01-01 12:00:20+00:00,10,0,2860.0260764998948,19.98299987926297,143.12295920433047
2024-01-01 12:00:20+00:00,10,1,10744.910673181113,19.98299987926297,537.7025841015727
2024-01-01 12:00:20+00:00,10,2,20598.732125432798,19.98299987926297,1030.8128033773746
2024-01-01 12:00:20+00:00,10,3,7254.571440118652,19.98299987926297,363.037155779947
2024-01-01 12:00:20+00:00,10,4,10964.770667961086,19.98299987926297,548.7049359060246
2024-01-01 12:00:20+00:00,10,5,12503.010672873457,19.98299987926297,625.6823674331425
2024-01-01 12:00:20+00:00,10,6,8062.308666774183,19.98299987926297,403.45837539341187
2024-01-01 12:00:20+00:00,10,7,16061.234207644791,19.98299987926297,803.7448983979665
2024-01-01 12:00:20+00:00,10,8,4913.211237236386,19.98299987926297,245.86955246569315
2024-01-01 12:00:20+00:00,10,9,8336.97299087713,19.98299987926297,417.20327484606986
2024-01-01 12:00:30+00:00,0,0,3015.9316710138555,19.98299987926297,150.92487060181534
2024-01-01 12:00:30+00:00,0,1,36467.59822403305,19.98299987926297,1824.9311136651058
2024-01-01 12:00:30+00:00,0,2,1798.1014199585375,19.98299987926297,89.98155586361624
2024-01-01 12:00:30+00:00,0,3,164138.4529673366,19.98299987926297,8213.904516792225
2024-01-01 12:00:30+00:00,0,4,7774.174038399716,19.98299987926297,389.03938774814475
2024-01-01 12:00:30+00:00,0,5,46455.73228556287,19.98299987926297,2324.76267658749
2024-01-01 12:00:30+00:00,0,6,48524.234691270045,19.98299987926297,2428.2757836387354
2024-01-01 12:00:30+00:00,0,7,156.14122601781514,19.98299987926297,7.813702995607188
2024-01-01 12:00:30+00:00,0,8,14936.621281673877,19.98299987926297,747.4664150488292
2024-01-01 12:00:30+00:00,0,9,2323.2199923846615,19.98299987926297,116.25982116907007
2024-01-01 12:00:30+00:00,1,0,3091.1775360958054,19.98299987926297,154.69036454849925
2024-01-01 12:00:30+00:00,1,1,688422.276414053,19.98299987926297,34450.39686601069
2024-01-01 12:00:30+00:00,1,2,2605.8136551103275,19.98299987926297,130.40152483884404
2024-01-01 12:00:30+00:00,1,3,71590.25055644393,19.98299987926297,3582.5577235145533
2024-01-01 12:00:30+00:00,1,4,1605439.0546923652,19.98299987926297,80340.24242568221
2024-01-01 12:00:30+00:00,1,5,199037.03188650147,19.98299987926297,9960.31792469002
2024-01-01 12:00:30+00:00,1,6,311074.7855177332,19.98299987926297,15566.971295463298
2024-01-01 12:00:30+00:00,1,7,2613.2674784719475,19.98299987926297,130.77453306617005
2024-01-01 12:00:30+00:00,1,8,9498.522535325676,19.98299987926297,475.3301602720126
2024-01-01 12:00:30+00:00,1,9,64110.78630817774,19.98299987926297,3208.2663611837206
2024-01-01 12:00:30+00:00,2,0,3353.5139618053277,19.98299987926297,167.8183446963527
2024-01-01 12:00:30+00:00,2,1,267222.8111263718,19.98299987926297,13372.50726822442
2024-01-01 12:00:30+00:00,2,2,3172.6567393316564,19.98299987926297,158.76779054700535
2024-01-01 12:00:30+00:00,2,3,56703.05602295058,19.98299987926297,2837.5647483135526
2024-01-01 12:00:30+00:00,2,4,143222.78623864395,19.98299987926297,7167.23150197639
2024-01-01 12:00:30+00:00,2,5,603439.7333110197,19.98299987926297,30197.654854476048
2024-01-01 12:00:30+00:00,2,6,75905.01631598274,19.98299987926297,3798.4795463443866
2024-01-01 12:00:30+00:00,2,7,559.9442965324207,19.98299987926297,28.021032873722515
2024-01-01 12:00:30+00:00,2,8,10513.094716539483,19.98299987926297,526.1019256397672
2024-01-01 12:00:30+00:00,2,9,31313.6029448826,19.98299987926297,1567.0121170034024
2024-01-01 12:00:30+00:00,3,0,1841.936847015487,19.98299987926297,92.17519182026953
2024-01-01 12:00:30+00:00,3,1,3020.143902475178,19.98299987926297,151.1356613482885
2024-01-01 12:00:30+00:00,3,2,690.7024127877651,19.98299987926297,34.56450067362159
2024-01-01 12:00:30+00:00,3,3,8507.23450408384,19.98299987926297,425.7235928281261
2024-01-01 12:00:30+00:00,3,4,2317.668925384458,19.98299987926297,115.98203169633108
2024-01-01 12:00:30+00:00,3,5,2862.2250580721047,19.98299987926297,143.23300181982844
2024-01-01 12:00:30+00:00,3,6,3747.7584248410626,19.98299987926297,187.5473376112181
2024-01-01 12:00:30+00:00,3,7,676.5808954614768,19.98299987926297,33.857824127977274
2024-01-01 12:00:30+00:00,3,8,3399.58120130861,19.98299987926297,170.12366620871924
2024-01-01 12:00:30+00:00,3,9,2012.251791851336,19.98299987926297,100.69818365657487
2024-01-01 12:00:30+00:00,4,0,1920.8072277724027,19.98299987926297,96.12206572476082
2024-01-01 12:00:30+00:00,4,1,8229.261320706702,19.98299987926297,411.8131096646046
2024-01-01 12:00:30+00:00,4,2,1229.4396179401092,19.98299987926297,61.52427690378661
2024-01-01 12:00:30+00:00,4,3,10366.61153533459,19.98299987926297,518.7715357038245
2024-01-01 12:00:30+00:00,4,4,7734.75919061521,19.98299987926297,387.0669687908986
2024-01-01 12:00:30+00:00,4,5,6666.726274977702,19.98299987926297,333.6198926716698
2024-01-01 12:00:30+00:00,4,6,10747.876970714578,19.98299987926297,537.8510251540366
2024-01-01 12:00:30+00:00,4,7,2323.325917084558,19.98299987926297,116.26512190972645
2024-01-01 12:00:30+00:00,4,8,3811.712231289428,19.98299987926297,190.747748302044
2024-01-01 12:00:30+00:00,4,9,7291.197623950249,19.98299987926297,364.8700229196603
2024-01-01 12:00:30+00:00,5,0,2447.8619180725486,19.98299987926297,122.49721927951255
2024-01-01 12:00:30+00:00,5,1,15939.302973881204,19.98299987926297,797.6431501869724
2024-01-01 12:00:30+00:00,5,2,7450.086924321531,19.98299987926297,372.8212465262904
2024-01-01 12:00:30+00:00,5,3,8666.611342601538,19.98299987926297,433.6992140802229
2024-01-01 12:00:30+00:00,5,4,19052.62675301941,19.98299987926297,953.4417689103307
2024-01-01 12:00:30+00:00,5,5,14909.747104836555,19.98299987926297,746.1215630746664
2024-01-01 12:00:30+00:00,5,6,13107.744905634137,19.98299987926297,655.9448023235233
2024-01-01 12:00:30+00:00,5,7,27945.706586031192,19.98299987926297,1398.4740406785165
2024-01-01 12:00:30+00:00,5,8,4424.149794706654,19.98299987926297,221.39567739765351
2024-01-01 12:00:30+00:00,5,9,14518.789615888825,19.98299987926297,726.5570586804367
2024-01-01 12:00:30+00:00,6,0,3077.924604694487,19.98299987926297,154.02715424567222
2024-01-01 12:00:30+00:00,6,1,5502.417516546739,19.98299987926297,275.3549291794163
2024-01-01 12:00:30+00:00,6,2,5635.418206820024,19.98299987926297,282.0106210713681
2024-01-01 12:00:30+00:00,6,3,6024.865552392304,19.98299987926297,301.4995540606748
2024-01-01 12:00:30+00:00,6,4,4712.003688002376,19.98299987926297,235.8006163475075
2024-01-01 12:00:30+00:00,6,5,6948.537833530361,19.98299987926297,347.72245786485206
2024-01-01 12:00:30+00:00,6,6,4475.180112995815,19.98299987926297,223.94936396110674
2024-01-01 12:00:30+00:00,6,7,2241.356726027286,19.98299987926297,112.16317567780288
2024-01-01 12:00:30+00:00,6,8,5239.622517569618,19.98299987926297,262.2040008621003
2024-01-01 12:00:30+00:00,6,9,3807.792818594545,19.98299987926297,190.551610949366
2024-01-01 12:00:30+00:00,7,0,2325.4403756705506,19.98299987926297,116.3709347806051
2024-01-01 12:00:30+00:00,7,1,206.34367903250393,19.98299987926297,10.325961080880239
2024-01-01 12:00:30+00:00,7,2,371.91875260797724,19.98299987926297,18.61175773683159
2024-01-01 12:00:30+00:00,7,3,1261.271063714186,19.98299987926297,63.11720318944952
2024-01-01 12:00:30+00:00,7,4,148.4116685627671,19.98299987926297,7.426896334858054
2024-01-01 12:00:30+00:00,7,5,145.0705845425729,19.98299987926297,7.259700015967949
2024-01-01 12:00:30+00:00,7,6,223.71755277469703,19.98299987926297,11.195393791042168
2024-01-01 12:00:30+00:00,7,7,7.2935282663254215,19.98299987926297,0.36498665417569065
2024-01-01 12:00:30+00:00,7,8,845.5525673927503,19.98299987926297,42.31359518098225
2024-01-01 12:00:30+00:00,7,9,53.317043755130925,19.98299987926297,2.6681201059536517
2024-01-01 12:00:30+00:00,8,0,1841.8262675799372,19.98299987926297,92.16965814483451
2024-01-01 12:00:30+00:00,8,1,3021.740522157199,19.98299987926297,151.21556024693572
2024-01-01 12:00:30+00:00,8,2,690.8248971292592,19.98299987926297,34.57063010074636
2024-01-01 12:00:30+00:00,8,3,8512.726045963098,19.98299987926297,425.9984035128299
2024-01-01 12:00:30+00:00,8,4,2318.810090631073,19.98299987926297,116.03913849978952
2024-01-01 12:00:30+00:00,8,5,2863.7156032428547,19.98299987926297,143.30759248087813
2024-01-01 12:00:30+00:00,8,6,3750.154795054679,19.98299987926297,187.66725805500008
2024-01-01 12:00:30+00:00,8,7,676.780534459825,19.98299987926297,33.86781456983058
2024-01-01 12:00:30+00:00,8,8,3401.864973473042,19.98299987926297,170.23795196051978
2024-01-01 12:00:30+00:00,8,9,2013.3021556383299,19.98299987926297,100.75074652467977
2024-01-01 12:00:30+00:00,9,0,2163.01091390995,19.98299987926297,108.24255251858251
2024-01-01 12:00:30+00:00,9,1,15004.26256823101,19.98299987926297,750.8513565974365
2024-01-01 12:00:30+00:00,9,2,3012.1319625113315,19.98299987926297,150.7347235505477
2024-01-01 12:00:30+00:00,9,3,9706.795537176084,19.98299987926297,485.7526695603472
2024-01-01 12:00:30+00:00,9,4,17502.52285511292,19.98299987926297,875.8706380855197
2024-01-01 12:00:30+00:00,9,5,12210.971770253502,19.98299987926297,611.0680000016032
2024-01-01 12:00:30+00:00,9,6,15207.476527668894,19.98299987926297,761.0206985713994
2024-01-01 12:00:30+00:00,9,7,9961.443202262499,19.98299987926297,498.4958846244013
2024-01-01 12:00:30+00:00,9,8,4119.217173030035,19.98299987926297,206.13607556014077
2024-01-01 12:00:30+00:00,9,9,14716.838820435052,19.98299987926297,736.4679432194367
2024-01-01 12:00:30+00:00,10,0,2860.3855622106657,19.98299987926297,143.14094878111788
2024-01-01 12:00:30+00:00,10,1,10738.616663984196,19.98299987926297,537.3876159168684
2024-01-01 12:00:30+00:00,10,2,20599.960411726184,19.98299987926297,1030.8742699389923
2024-01-01 12:00:30+00:00,10,3,7253.2520882359495,19.98299987926297,362.9711320652558
2024-01-01 12:00:30+00:00,10,4,10956.1689874066,19.98299987926297,548.2744859932759
2024-01-01 12:00:30+00:00,10,5,12497.7805984794,19.98299987926297,625.4206412445994
2024-01-01 12:00:30+00:00,10,6,8057.710051649533,19.98299987926297,403.2282490283798
2024-01-01 12:00:30+00:00,10,7,16031.366244073097,19.98299987926297,802.250229742001
2024-01-01 12:00:30+00:00,10,8,4913.70426435163,19.98299987926297,245.89422479308254
2024-01-01 12:00:30+00:00,10,9,8330.86127489894,19.98299987926297,416.8974290764098
2024-01-01 12:00:30+00:00,11,0,8558.675009902847,34.611571078526204,247.2778537121316
2024-01-01 12:00:30+00:00,11,1,3837.125738016995,34.611571078526204,110.86251269297723
2024-01-01 12:00:30+00:00,11,2,2013.7855227741272,34.611571078526204,58.18243610511876
2024-01-01 12:00:30+00:00,11,3,11210.06089634586,34.611571078526204,323.8818853646558
2024-01-01 12:00:30+00:00,11,4,2792.9563369631414,34.611571078526204,80.69429528716061
2024-01-01 12:00:30+00:00,11,5,3996.895134561418,34.611571078526204,115.47858158456094
2024-01-01 12:00:30+00:00,11,6,4084.756927350844,34.611571078526204,118.01709081865742
2024-01-01 12:00:30+00:00,11,7,283.647269867617,34.611571078526204,8.195157313838266
2024-01-01 12:00:30+00:00,11,8,11338.22083086174,34.611571078526204,327.5846914067483
2024-01-01 12:00:30+00:00,11,9,2278.295563520434,34.611571078526204,65.82467921931287
2024-01-01 12:00:30+00:00,12,0,5724.258299288918,34.611571078526204,165.38568232865848
2024-01-01 12:00:30+00:00,12,1,1679.34356787848,34.611571078526204,48.5197150995663
2024-01-01 12:00:30+00:00,12,2,1325.8217648582363,34.611571078526204,38.305737750252135
2024-01-01 12:00:30+00:00,12,3,8059.044441586924,34.611571078526204,232.84249141140364
2024-01-01 12:00:30+00:00,12,4,1145.086517003737,34.611571078526204,33.08392197527764
2024-01-01 12:00:30+00:00,12,5,2019.8452733031766,34.611571078526204,58.35751485306987
2024-01-01 12:00:30+00:00,12,6,1193.2509025103907,34.611571078526204,34.47549086411482
2024-01-01 12:00:30+00:00,12,7,423.23197610276424,34.611571078526204,12.228048681827877
2024-01-01 12:00:30+00:00,12,8,6651.401225504838,34.611571078526204,192.17276240983804
2024-01-01 12:00:30+00:00,12,9,540.2506030721391,34.611571078526204,15.60895926528232
2024-01-01 12:00:30+00:00,13,0,12024.976260831732,34.611571078526204,347.42647866372926
2024-01-01 12:00:30+00:00,13,1,24019.061291981267,34.611571078526204,693.9604456985552
2024-01-01 12:00:30+00:00,13,2,4219.28731025054,34.611571078526204,121.90395231345856
2024-01-01 12:00:30+00:00,13,3,53910.29322620419,34.611571078526204,1557.5800677725185
2024-01-01 12:00:30+00:00,13,4,17359.16808553586,34.611571078526204,501.54233236485123
2024-01-01 12:00:30+00:00,13,5,20294.072354807056,34.611571078526204,586.337797517604
2024-01-01 12:00:30+00:00,13,6,25214.879230805716,34.611571078526204,728.5101035604129
2024-01-01 12:00:30+00:00,13,7,3220.164197396367,34.611571078526204,93.0372155049104
2024-01-01 12:00:30+00:00,13,8,9093.418317751179,34.611571078526204,262.72769580786064
2024-01-01 12:00:30+00:00,13,9,11267.14298663471,34.611571078526204,325.53110522119863
2024-01-01 12:00:30+00:00,14,0,9315.68698156538,34.611571078526204,269.1494980227882
2024-01-01 12:00:30+00:00,14,1,600079.936309335,34.611571078526204,17337.552662601847
2024-01-01 12:00:30+00:00,14,2,11709.234393819032,34.611571078526204,338.3040419417339
2024-01-01 12:00:30+00:00,14,3,114541.3980637149,34.611571078526204,3309.338307811718
2024-01-01 12:00:30+00:00,14,4,1144698.593567819,34.611571078526204,33072.71406347734
2024-01-01 12:00:30+00:00,14,5,479940.39217001223,34.611571078526204,13866.472315894902
2024-01-01 12:00:30+00:00,14,6,270025.13766131125,34.611571078526204,7801.585690770359
2024-01-01 12:00:30+00:00,14,7,21043.26719900312,34.611571078526204,607.9835888194868
2024-01-01 12:00:30+00:00,14,8,27285.236890556043,34.611571078526204,788.3270259143023
2024-01-01 12:00:30+00:00,14,9,213542.1253668057,34.611571078526204,6169.674438710817
2024-01-01 12:00:30+00:00,15,0,9950.439450611397,34.611571078526204,287.4888119940003
2024-01-01 12:00:30+00:00,15,1,51128.026268665766,34.611571078526204,1477.19461080421
2024-01-01 12:00:30+00:00,15,2,4385.4017592178125,34.611571078526204,126.70334291582084
2024-01-01 12:00:30+00:00,15,3,155928.56737490313,34.611571078526204,4505.099379081486
2024-01-01 12:00:30+00:00,15,4,29641.487684036252,34.611571078526204,856.4039932422049
2024-01-01 12:00:30+00:00,15,5,39976.80093750128,34.611571078526204,1155.0126068187578
2024-01-01 12:00:30+00:00,15,6,64455.57031845584,34.611571078526204,1862.2549716746466
2024-01-01 12:00:30+00:00,15,7,3435.4989129136857,34.611571078526204,99.25868158712814
2024-01-01 12:00:30+00:00,15,8,14977.298095532173,34.611571078526204,432.7251733690998
2024-01-01 12:00:30+00:00,15,9,18327.31320625208,34.611571078526204,529.5140507973866
2024-01-01 12:00:30+00:00,16,0,14818.178220960242,34.611571078526204,428.12787051304275
2024-01-01 12:00:30+00:00,16,1,36351.779338461776,34.611571078526204,1050.2782221583475
2024-01-01 12:00:30+00:00,16,2,12851.440698562188,34.611571078526204,371.3047486173059
2024-01-01 12:00:30+00:00,16,3,32822.56746755425,34.611571078526204,948.3119790513672
2024-01-01 12:00:30+00:00,16,4,34209.72873717013,34.611571078526204,988.3899421830815
2024-01-01 12:00:30+00:00,16,5,31074.425887467056,34.611571078526204,897.8045468368331
2024-01-01 12:00:30+00:00,16,6,28427.008494686117,34.611571078526204,821.3151731885084
2024-01-01 12:00:30+00:00,16,7,8936.263423653108,34.611571078526204,258.18716530892664
2024-01-01 12:00:30+00:00,16,8,8570.601327175134,34.611571078526204,247.6224297282052
2024-01-01 12:00:30+00:00,16,9,17936.800863712586,34.611571078526204,518.231340120847
2024-01-01 12:00:30+00:00,17,0,28902.035990707904,34.611571078526204,835.039701755676
2024-01-01 12:00:30+00:00,17,1,11495.943544697415,34.611571078526204,332.14162739436455
2024-01-01 12:00:30+00:00,17,2,7919.459202707376,34.611571078526204,228.8095846542137
2024-01-01 12:00:30+00:00,17,3,16564.888543800942,34.611571078526204,478.59395074031096
2024-01-01 12:00:30+00:00,17,4,9352.759744365565,34.611571078526204,270.22060695095774
2024-01-01 12:00:30+00:00,17,5,11997.188660667058,34.611571078526204,346.6236373219817
2024-01-01 12:00:30+00:00,17,6,9543.158692120991,34.611571078526204,275.7216270382416
2024-01-01 12:00:30+00:00,17,7,2876.7046647099974,34.611571078526204,83.11395799350956
2024-01-01 12:00:30+00:00,17,8,6121.629751931669,34.611571078526204,176.86656690743706
2024-01-01 12:00:30+00:00,17,9,6279.2358700343475,34.611571078526204,181.420134202753
2024-01-01 12:00:30+00:00,18,0,11127.848517151107,34.611571078526204,321.50659939430125
2024-01-01 12:00:30+00:00,18,1,51251.67422218068,34.611571078526204,1480.7670563668337
2024-01-01 12:00:30+00:00,18,2,5972.765710425133,34.611571078526204,172.5655763176486
2024-01-01 12:00:30+00:00,18,3,472585.57411925023,34.611571078526204,13653.976383997575
2024-01-01 12:00:30+00:00,18,4,3652.3031285019542,34.611571078526204,105.52260457104546
2024-01-01 12:00:30+00:00,18,5,139658.78066092284,34.611571078526204,4035.0315316247024
2024-01-01 12:00:30+00:00,18,6,113769.90649825329,34.611571078526204,3287.048318036008
2024-01-01 12:00:30+00:00,18,7,1113.4779846380557,34.611571078526204,32.17068598567265
2024-01-01 12:00:30+00:00,18,8,24703.916807181802,34.611571078526204,713.7473404814226
2024-01-01 12:00:30+00:00,18,9,17969.460833973848,34.611571078526204,519.1749543297243
2024-01-01 12:00:30+00:00,19,0,11162.315014702663,34.611571078526204,322.50240791952996
2024-01-01 12:00:30+00:00,19,1,322601.421359254,34.611571078526204,9320.62345934372
2024-01-01 12:00:30+00:00,19,2,6670.882508688009,34.611571078526204,192.73561704417324
2024-01-01 12:00:30+00:00,19,3,344521.1340436714,34.611571078526204,9953.929374139854
2024-01-01 12:00:30+00:00,19,4,28105.00573360429,34.611571078526204,812.0118462649407
2024-01-01 12:00:30+00:00,19,5,278744.25562949205,34.611571078526204,8053.499073968105
2024-01-01 12:00:30+00:00,19,6,185768.55115547968,34.611571078526204,5367.238335815812
2024-01-01 12:00:30+00:00,19,7,2053.6307753105702,34.611571078526204,59.333648006076466
2024-01-01 12:00:30+00:00,19,8,23396.525701368188,34.611571078526204,675.97410265736
2024-01-01 12:00:30+00:00,19,9,30517.17149180296,34.611571078526204,881.7043127734961
2024-01-01 12:00:30+00:00,20,0,10268.447090773385,34.611571078526204,296.6767115967226
2024-01-01 12:00:30+00:00,20,1,210905.9696801909,34.611571078526204,6093.5104390867045
2024-01-01 12:00:30+00:00,20,2,5784.083146979286,34.611571078526204,167.11414612923656
2024-01-01 12:00:30+00:00,20,3,533333.9016494508,34.611571078526204,15409.121430501695
2024-01-01 12:00:30+00:00,20,4,11299.95056552505,34.611571078526204,326.47898414919956
2024-01-01 12:00:30+00:00,20,5,213612.6713364115,34.611571078526204,6171.71265793657
2024-01-01 12:00:30+00:00,20,6,277046.29090842925,34.611571078526204,8004.44135517197
2024-01-01 12:00:30+00:00,20,7,2159.522718244647,34.611571078526204,62.39308563443002
2024-01-01 12:00:30+00:00,20,8,25478.58290366936,34.611571078526204,736.1290490357673
2024-01-01 12:00:30+00:00,20,9,25614.153590839807,34.611571078526204,740.0459670763516
2024-01-01 12:00:30+00:00,21,0,10737.850981381884,34.611571078526204,310.2387625519804
2024-01-01 12:00:30+00:00,21,1,1033902.6223462499,34.611571078526204,29871.588897266392
2024-01-01 12:00:30+00:00,21,2,9155.193801020605,34.611571078526204,264.5125175118298
2024-01-01 12:00:30+00:00,21,3,189706.37058188065,34.611571078526204,5481.010097792953
2024-01-01 12:00:30+00:00,21,4,451255.05296448944,34.611571078526204,13037.69343323621
2024-01-01 12:00:30+00:00,21,5,927816.1898318813,34.611571078526204,26806.532061976213
2024-01-01 12:00:30+00:00,21,6,235582.91967360015,34.611571078526204,6806.478652445831
2024-01-01 12:00:30+00:00,21,7,3290.061301112272,34.611571078526204,95.05668765072325
2024-01-01 12:00:30+00:00,21,8,26061.918059727264,34.611571078526204,752.9828103034787
2024-01-01 12:00:30+00:00,21,9,72825.16125368788,34.611571078526204,2104.069794707188
2024-01-01 12:00:30+00:00,22,0,8591.388843601213,34.611571078526204,248.22302414730615
2024-01-01 12:00:30+00:00,22,1,1787968.0053498675,34.611571078526204,51658.100156544555
2024-01-01 12:00:30+00:00,22,2,8058.150123384505,34.611571078526204,232.8166527056023
2024-01-01 12:00:30+00:00,22,3,193009.05135776996,34.611571078526204,5576.431388216211
2024-01-01 12:00:30+00:00,22,4,4572236.26346691,34.611571078526204,132101.3788450542
2024-01-01 12:00:30+00:00,22,5,940622.5996760862,34.611571078526204,27176.535775911936
2024-01-01 12:00:30+00:00,22,6,1079229.6214752693,34.611571078526204,31181.17981488704
2024-01-01 12:00:30+00:00,22,7,8556.516040159324,34.611571078526204,247.21547660308255
2024-01-01 12:00:30+00:00,22,8,35730.73045012496,34.611571078526204,1032.3348330262045
2024-01-01 12:00:30+00:00,22,9,576837.239943602,34.611571078526204,16666.023008169217
